Id;Date;Strecke;From;To;Btk
0;0;22;136;4621;0
1;0;30;657;13100;1
2;0;30;657;13100;1
3;0;30;657;13100;1
4;0;36;-491;51000;2
5;0;2;15000;202401;3
6;0;167;25150;34490;4
7;0;167;57200;78800;4
8;0;92;-2001;15600;5
9;0;92;42000;50000;6
10;0;209;-599;231270;7
11;0;67;9375;28200;8
12;0;67;64000;169400;9
13;0;210;24000;48849;10
14;0;7;600;27085;11
15;0;210;53000;82000;10
16;0;211;16209;20273;12
17;0;212;4000;140500;13
18;0;213;-706;3800;14
19;0;214;2502;33178;15
20;0;10;241000;266400;16
21;0;215;-553;5900;17
22;0;216;-746;4074;18
23;0;11;-9;7000;19
24;0;48;-639;17750;0
25;0;83;800;56694;20
26;0;217;31000;41000;17
27;0;110;-1086;46800;21
28;0;145;-1170;5726;22
29;0;119;-384;89000;23
30;0;74;0;61400;24
31;0;218;-340;70815;25
32;0;80;183340;226072;26
33;0;13;90400;96000;27
34;0;7;38500;43500;28
35;0;219;59;33000;29
36;0;220;0;32000;30
37;0;12;61000;72000;0
38;0;124;350;171400;31
39;0;25;-340;116230;32
40;0;221;-608;14500;33
41;0;17;-5103;69300;34
42;0;12;90400;103590;0
43;0;222;-596;9680;35
44;0;17;-1318;10300;17
45;0;67;113000;129000;9
46;0;17;19000;31500;17
47;0;223;4000;121000;36
48;0;8;-588;102000;37
49;0;224;-1032;14689;38
50;0;211;350;41250;39
51;0;225;-613;204700;40
52;0;24;-1298;6000;41
53;0;226;600;75473;42
54;0;7;900;36945;43
55;0;211;20273;31500;44
56;0;0;1500;37007;45
57;0;80;113800;248500;46
58;0;78;-347;16500;47
59;0;211;1600;19021;48
60;0;80;158000;183300;49
61;0;17;8000;52000;17
62;0;227;43600;69600;50
63;0;80;9700;131180;51
64;0;134;56000;71000;52
65;0;228;-315;7100;53
66;0;46;95100;24500;54
67;0;47;23200;40000;55
68;0;219;33000;64401;29
69;0;229;57000;85000;56
70;0;2;210036;228205;3
71;0;81;219700;228335;57
72;0;195;3343;22890;58
73;0;167;-560;20500;59
74;0;67;0;228335;60
75;0;2;0;183400;46
76;0;168;-449;20360;61
77;0;230;1600;8000;62
78;0;137;49281;89500;63
79;0;162;-1121;73500;64
80;0;133;249000;267600;65
81;0;203;169000;179784;66
82;0;174;600;174810;67
83;0;174;75200;105500;68
84;0;176;1120;37370;69
85;0;231;-803;4621;70
86;0;137;1800;158200;71
87;0;127;1594;12000;72
88;0;137;-1151;86110;73
89;0;165;19300;269430;58
90;0;168;29550;45310;0
91;0;232;-1400;11500;0
92;0;229;21500;53000;74
93;0;157;0;18490;75
94;0;167;0;345182;0
95;0;233;96000;103829;76
96;0;234;50402;78500;77
97;0;167;142444;159100;78
98;0;167;149100;345182;78
99;0;82;0;88508;79
100;0;83;-742;34400;80
101;0;234;780;28750;77
102;0;67;717;82655;9
103;0;163;197549;181000;81
104;0;227;19460;43600;0
105;0;223;113760;128881;36
106;0;134;299;23000;82
107;0;134;-12;54500;83
108;0;146;-143;1600;84
109;0;95;0;149000;84
110;0;235;-488;4600;84
111;0;236;-163;33000;85
112;0;108;11490;16800;86
113;0;237;-359;3221;87
114;0;13;-492;93000;0
115;0;28;-170;18500;88
116;0;9;-1298;3100;0
117;0;133;23800;345000;89
118;0;218;48587;74384;90
119;0;238;1700;15635;91
120;0;162;-753;32000;92
121;0;33;0;46050;93
122;0;33;-195;20500;93
123;0;229;130700;327362;56
124;0;229;-613;116055;56
125;0;238;42070;60344;94
126;0;239;0;3500;95
127;0;239;16050;28060;95
128;0;162;101860;241500;96
129;0;229;0;41400;74
130;1;15;-1298;7600;0
131;1;22;136;4621;0
132;1;45;-286;60000;97
133;1;36;2350;25000;98
134;1;240;-803;3000;0
135;1;240;-803;3000;0
136;1;69;231;19833;99
137;1;2;15000;206193;3
138;1;167;-613;50600;4
139;1;167;6;90600;4
140;1;2;210036;233600;3
141;1;2;612;183400;46
142;1;67;173900;193944;78
143;1;81;450;244000;57
144;1;229;42070;73400;56
145;1;92;44159;0;6
146;1;74;20900;45300;100
147;1;67;48113;63000;8
148;1;67;73100;157350;9
149;1;210;30000;61000;10
150;1;7;23400;29000;11
151;1;210;61000;89500;10
152;1;211;18000;24000;12
153;1;30;18930;35408;1
154;1;48;11350;27000;0
155;1;241;-1062;89500;101
156;1;230;-639;4060;62
157;1;74;190;75700;102
158;1;127;39956;59100;72
159;1;7;700;44211;28
160;1;134;60000;147800;52
161;1;219;8200;96048;29
162;1;214;18000;35500;15
163;1;220;28400;47100;30
164;1;12;-522;45200;0
165;1;218;8400;28100;25
166;1;163;187300;211000;81
167;1;12;69100;77900;0
168;1;221;-434;27000;33
169;1;226;45500;75473;103
170;1;17;7000;85375;17
171;1;227;63800;175900;50
172;1;17;28000;35500;17
173;1;17;66450;76000;34
174;1;242;-596;24009;104
175;1;243;7500;18432;105
176;1;225;185000;209450;40
177;1;8;102000;211047;37
178;1;7;34300;41490;43
179;1;134;37000;58500;83
180;1;211;47877;68000;7
181;1;211;31500;35500;106
182;1;211;9700;21150;48
183;1;80;67000;197000;49
184;1;78;10000;30000;47
185;1;80;226072;269430;46
186;1;2;600;226072;107
187;1;67;121000;142000;9
188;1;227;-694;126830;108
189;1;30;18930;35408;1
190;1;12;83260;93000;0
191;1;47;32600;46300;55
192;1;219;50000;81400;109
193;1;168;15021;33200;61
194;1;46;24500;79300;54
195;1;133;271400;293330;110
196;1;162;-1168;100000;96
197;1;162;82200;107000;96
198;1;157;5300;32000;75
199;1;133;290;259100;111
200;1;174;123000;155000;112
201;1;133;3000;351850;89
202;1;231;-505;14406;70
203;1;60;66100;123900;113
204;1;127;1594;12000;72
205;1;244;128400;105;0
206;1;137;158200;47000;81
207;1;238;-8;7300;91
208;1;229;-613;105000;56
209;1;74;-354;74700;0
210;1;229;12700;37400;74
211;1;232;1790;10350;114
212;1;133;15350;274700;65
213;1;232;-1400;30000;114
214;1;232;0;35358;0
215;1;81;176200;214850;115
216;1;81;1350;180500;116
217;1;232;20000;42600;114
218;1;234;69235;94000;77
219;1;81;0;27300;117
220;1;81;300;69960;118
221;1;81;43000;70000;118
222;1;81;60300;93600;118
223;1;234;12200;39089;77
224;1;67;16100;28200;8
225;1;163;-215;178500;0
226;1;67;-1689;20972;8
227;1;245;-744;7003;119
228;1;213;1400;9000;14
229;1;134;236;33000;82
230;1;246;-488;9400;84
231;1;246;3200;145000;84
232;1;110;1312;57900;21
233;1;134;1500;14200;120
234;1;134;-463;12550;121
235;1;134;-463;2100;122
236;1;108;-30;14800;123
237;1;26;80871;95350;0
238;1;12;-1940;80500;0
239;1;13;2100;102000;0
240;1;22;136;4621;0
241;1;28;80;74997;88
242;1;247;-531;131400;124
243;1;238;12546;33600;91
244;1;162;25000;43000;92
245;1;33;44700;62214;93
246;1;229;116055;154016;56
247;1;238;51000;70000;94
248;1;239;0;18400;95
249;2;248;-112;19353;125
250;2;70;75700;113800;0
251;2;22;136;4621;0
252;2;220;28400;61891;30
253;2;229;100000;122475;56
254;2;168;15021;45310;61
255;2;2;202401;216500;3
256;2;167;43900;107900;4
257;2;167;55000;247705;4
258;2;2;228205;238534;3
259;2;81;211057;228335;115
260;2;2;10500;188297;46
261;2;69;13000;32389;99
262;2;167;11000;34490;59
263;2;220;28400;61891;30
264;2;8;-14;107500;40
265;2;211;1264;56100;7
266;2;211;0;34300;106
267;2;74;38030;134500;100
268;2;67;92000;117000;9
269;2;67;152000;169400;9
270;2;210;173;65200;10
271;2;249;600;35000;126
272;2;213;6000;20000;14
273;2;33;44700;61891;93
274;2;229;67100;99274;56
275;2;127;25000;35700;72
276;2;30;18930;55040;1
277;2;83;32000;49479;80
278;2;11;2000;215500;19
279;2;48;22500;56694;0
280;2;31;9000;136765;127
281;2;218;0;48587;90
282;2;74;190;71049;24
283;2;127;-345;59100;72
284;2;13;-512;103590;27
285;2;219;25000;48200;29
286;2;144;3700;47570;21
287;2;12;-563;66500;0
288;2;12;-1940;87700;0
289;2;25;14241;31098;32
290;2;221;20000;67994;33
291;2;17;12500;23500;17
292;2;17;49000;74997;17
293;2;17;73400;97800;34
294;2;214;29400;47585;15
295;2;225;200100;211047;40
296;2;211;779;78118;7
297;2;80;183340;226072;49
298;2;80;149800;163500;49
299;2;163;-215;193000;81
300;2;80;46000;155000;49
301;2;250;-252;5912;128
302;2;127;-626;44000;72
303;2;106;-1086;44000;21
304;2;210;72100;109280;10
305;2;47;40900;53971;55
306;2;45;60000;38400;97
307;2;219;19;109000;109
308;2;162;59800;97940;64
309;2;162;39690;63900;92
310;2;159;0;63320;129
311;2;133;263300;283720;65
312;2;178;1120;40000;130
313;2;174;86000;109000;68
314;2;174;136000;174810;112
315;2;187;-1477;161791;131
316;2;133;500;349650;132
317;2;206;1850;105500;130
318;2;231;11800;24220;70
319;2;28;847;74997;0
320;2;251;-6;64500;0
321;2;137;125200;138000;71
322;2;231;136;4621;0
323;2;213;-706;3800;14
324;2;134;56000;71000;52
325;2;157;290;32000;75
326;2;96;-143;166200;84
327;2;252;0;208000;0
328;2;92;42000;67500;6
329;2;92;64700;90200;6
330;2;81;-758;211500;133
331;2;234;28750;61400;77
332;2;234;81000;163840;77
333;2;81;-742;237000;134
334;2;81;2900;132800;133
335;2;81;130000;155300;133
336;2;67;-863;50900;8
337;2;103;900;10984;0
338;2;96;0;155000;84
339;2;246;8000;148000;84
340;2;110;-316;64500;21
341;2;253;7900;21500;135
342;2;103;-508;21500;136
343;2;226;62000;95350;103
344;2;67;-978;125000;9
345;2;12;-1940;80500;0
346;2;22;136;4621;0
347;2;239;13850;18400;0
348;2;9;-1298;3100;0
349;2;238;23000;53000;91
350;2;254;10309;32000;94
351;2;49;-195;20920;137
352;2;194;-449;11650;138
353;2;255;-727;29060;139
354;3;256;800;117527;0
355;3;12;0;105700;0
356;3;51;-195;27400;140
357;3;44;18800;34750;141
358;3;172;13103;27000;142
359;3;86;0;46300;143
360;3;86;66900;85500;143
361;3;161;16700;27500;144
362;3;86;0;122000;145
363;3;161;40680;52700;146
364;3;164;765;27600;147
365;3;86;-560;16200;148
366;3;166;3343;25000;149
367;3;131;49281;86110;150
368;3;109;2800;112400;151
369;3;104;91600;77701;152
370;3;257;-549;117788;153
371;3;257;41800;53000;154
372;3;243;500;78000;155
373;3;258;-706;160000;156
374;3;243;1100;22000;157
375;3;4;-99;58994;158
376;3;4;84000;112200;159
377;3;259;-2001;42038;160
378;3;260;117800;136380;161
379;3;261;-340;51363;162
380;3;86;7600;319000;163
381;3;142;-485;9545;164
382;3;19;-2058;62496;165
383;3;262;-2058;1000;166
384;3;263;-2058;41000;166
385;3;264;91000;209600;167
386;3;264;207500;221900;167
387;3;10;99300;121500;168
388;3;265;-511;32000;169
389;3;266;-463;135000;170
390;3;267;-462;46602;170
391;3;268;-1500;14000;171
392;3;269;15374;143000;170
393;3;270;24565;45001;169
394;3;257;464;34443;172
395;3;21;38300;53600;165
396;3;104;112;62000;173
397;3;271;16209;27200;174
398;3;223;97000;113740;175
399;3;272;0;49900;176
400;3;163;154000;171400;177
401;3;21;31500;22200;178
402;3;273;34100;141000;178
403;3;243;500;36500;179
404;3;1;9700;21500;180
405;3;4;26000;52500;181
406;3;271;1500;48000;182
407;3;271;71800;79500;182
408;3;271;167;157706;149
409;3;271;103700;119400;182
410;3;8;-444;3100;183
411;3;0;293;32000;184
412;3;75;29000;48000;185
413;3;14;53450;61000;186
414;3;225;8000;38000;187
415;3;274;-106;141700;188
416;3;76;0;10700;149
417;3;55;-400;52500;189
418;3;271;1500;48000;149
419;3;274;-200;148600;190
420;3;275;1663;19400;184
421;3;257;165830;216500;191
422;3;257;40920;165830;191
423;3;106;3700;18000;192
424;3;45;60000;38400;97
425;3;46;61234;65300;54
426;3;14;58000;66000;186
427;3;14;68000;75000;186
428;3;178;60905;104000;193
429;3;276;15600;69697;194
430;3;276;404;58400;195
431;3;86;264930;292000;196
432;3;44;57700;82200;141
433;3;47;72200;89580;55
434;3;277;54000;87013;197
435;3;162;161200;183024;198
436;3;162;-239;145300;198
437;3;155;290;129995;199
438;3;180;0;55100;200
439;3;175;101750;119866;201
440;3;164;44000;60986;202
441;3;161;131060;151500;203
442;3;161;17673;151500;204
443;3;109;2800;102000;0
444;3;131;22000;44442;205
445;3;278;136;16390;206
446;3;127;-33;89500;207
447;3;270;0;15400;208
448;3;240;-803;99266;209
449;3;257;85;10000;210
450;3;131;900;156700;211
451;3;131;38300;-753;205
452;3;131;78000;96900;212
453;3;180;710;17000;213
454;3;20;7800;11651;214
455;3;47;8768;100569;55
456;3;161;31000;45310;0
457;3;274;108000;148600;0
458;3;131;78000;89500;0
459;3;258;160000;11;215
460;3;104;-1062;49900;216
461;3;279;700;15710;0
462;3;280;-514;55400;217
463;3;280;28500;72500;218
464;3;280;69500;89326;218
465;3;104;99736;121772;152
466;3;104;118050;136410;152
467;3;279;78;90200;219
468;3;104;128500;148200;152
469;3;86;127000;346170;145
470;3;86;2900;269087;196
471;3;61;5500;24500;220
472;3;104;-577;31500;152
473;3;55;11850;21000;221
474;3;202;524;345000;0
475;3;268;11000;29000;171
476;3;264;7700;128100;0
477;3;115;-30;16000;222
478;3;101;-478;80850;223
479;3;281;338;9540;224
480;3;281;1700;13400;225
481;3;109;80700;90800;226
482;3;115;-478;23630;227
483;3;104;-577;31500;152
484;3;53;80200;94000;228
485;3;70;-1689;89400;229
486;3;12;-1940;80500;0
487;3;270;55001;69522;169
488;3;109;1000;75000;230
489;3;282;-512;12000;231
490;3;270;-505;7550;0
491;3;9;-1298;3100;0
492;3;92;-80;1472;0
493;3;47;23200;46300;55
494;3;55;18200;64007;0
495;3;283;2300;96500;232
496;3;44;-460;11550;141
497;3;284;-476;15250;233
498;3;179;161505;231000;234
499;3;179;202000;24000;235
500;3;88;53151;63100;236
501;4;285;-2069;25910;237
502;4;286;-2069;105000;238
503;4;12;0;105700;0
504;4;22;136;4621;0
505;4;22;136;2200;0
506;4;86;75700;100000;143
507;4;86;-560;30600;148
508;4;166;21000;33000;149
509;4;161;22000;34700;144
510;4;86;88000;247705;143
511;4;86;40000;59200;143
512;4;70;-2;100200;229
513;4;277;8768;68000;197
514;4;104;290;54976;176
515;4;131;40387;57179;205
516;4;257;850;46450;239
517;4;55;21300;35600;221
518;4;104;102200;89101;240
519;4;257;77220;135160;153
520;4;257;41800;59500;154
521;4;47;53000;74400;55
522;4;271;23800;61500;174
523;4;10;117200;137600;168
524;4;278;48000;58500;241
525;4;14;-1386;71000;186
526;4;260;131500;386000;161
527;4;86;309000;323000;163
528;4;109;128000;141700;242
529;4;264;-106;185000;243
530;4;223;84000;156000;244
531;4;270;37580;50001;169
532;4;270;64001;74150;169
533;4;110;-485;36000;245
534;4;104;-920;54976;152
535;4;55;52500;63700;189
536;4;268;11000;29000;171
537;4;268;100;47250;171
538;4;243;22000;36500;179
539;4;4;6000;16660;246
540;4;1;13000;25900;180
541;4;4;31800;62660;181
542;4;4;71600;91500;181
543;4;271;153977;165000;149
544;4;271;44500;62700;182
545;4;271;149000;158300;149
546;4;271;115700;126200;182
547;4;271;122000;132500;182
548;4;8;-444;5100;183
549;4;240;16390;25500;247
550;4;225;-21;51000;187
551;4;75;17698;37000;185
552;4;75;56716;80000;185
553;4;51;17500;59000;140
554;4;76;6614;14840;149
555;4;274;138000;142007;188
556;4;257;188180;230744;191
557;4;257;140470;179895;191
558;4;276;482;86000;194
559;4;287;-245;58400;248
560;4;1;13000;25900;180
561;4;86;271180;292000;196
562;4;163;900;148800;177
563;4;162;47255;159500;198
564;4;162;134;195000;198
565;4;200;-11;241500;249
566;4;200;290;129995;249
567;4;180;40600;75400;200
568;4;161;72000;91900;146
569;4;161;106800;127300;250
570;4;161;49708;75000;146
571;4;161;148750;159500;204
572;4;179;24000;146700;235
573;4;264;105000;128100;251
574;4;278;13850;27480;206
575;4;270;28201;13401;208
576;4;288;-505;9680;252
577;4;240;-577;24009;209
578;4;172;20000;32500;142
579;4;271;75000;93300;182
580;4;164;-449;3000;0
581;4;131;158200;125200;211
582;4;3;-444;10066;183
583;4;9;-1500;78000;0
584;4;164;23300;48100;147
585;4;20;800;10203;214
586;4;47;82600;91700;55
587;4;289;-8;9998;0
588;4;169;16700;40016;0
589;4;290;1400;6200;0
590;4;161;40680;52700;0
591;4;264;-106;154900;0
592;4;14;0;5000;0
593;4;291;6400;16137;0
594;4;86;170000;199000;253
595;4;14;46000;55000;186
596;4;291;-607;12806;254
597;4;14;-514;41900;186
598;4;14;38700;51500;186
599;4;94;55500;70200;255
600;4;94;87500;124500;255
601;4;14;350;68900;256
602;4;86;193000;219000;253
603;4;86;2900;269087;196
604;4;61;10800;35000;220
605;4;111;2737;17000;117
606;4;109;-706;143500;257
607;4;161;124450;139300;0
608;4;21;22200;31500;178
609;4;115;12800;28300;222
610;4;115;35100;50000;222
611;4;115;47000;63400;222
612;4;109;-478;83000;258
613;4;101;5137;83000;223
614;4;101;5137;75000;223
615;4;292;-157;13400;223
616;4;109;-160;102000;259
617;4;53;94000;80200;228
618;4;282;7500;23500;231
619;4;47;10650;40000;55
620;4;44;38600;64500;141
621;4;44;69000;92554;141
622;4;44;-264;25800;141
623;4;284;11000;24850;233
624;5;12;-1940;80500;0
625;5;12;0;105700;0
626;5;23;0;57000;0
627;5;22;136;4621;0
628;5;47;-550;1770;0
629;5;47;1770;6190;0
630;5;15;-1298;7600;0
631;5;131;-449;23056;205
632;5;166;0;15000;260
633;5;164;36420;74925;147
634;5;161;31000;45310;144
635;5;86;52700;75200;143
636;5;104;-1062;49900;216
637;5;70;2100;107800;229
638;5;163;138400;158300;177
639;5;293;-1032;78000;261
640;5;294;75000;85375;262
641;5;109;0;166200;151
642;5;104;99736;108500;263
643;5;257;102900;135160;153
644;5;257;47900;77220;154
645;5;271;29925;37890;174
646;5;10;-727;145950;168
647;5;278;-738;45000;241
648;5;86;311000;327362;163
649;5;109;133500;207770;264
650;5;264;217100;231270;167
651;5;9;148000;413500;0
652;5;4;-55;16660;246
653;5;4;56750;91500;181
654;5;271;55600;75000;182
655;5;271;128500;135000;182
656;5;51;17500;67994;140
657;5;21;40200;47250;178
658;5;21;-608;62496;165
659;5;271;160200;171140;149
660;5;75;600;21000;185
661;5;76;12200;38813;149
662;5;75;71160;96500;185
663;5;257;30150;47900;172
664;5;3;8400;12400;183
665;5;225;4100;26530;265
666;5;257;208230;239456;191
667;5;257;160230;195035;191
668;5;86;0;297360;266
669;5;162;155000;166700;198
670;5;162;290;136400;199
671;5;180;58100;82000;200
672;5;180;14210;31359;213
673;5;161;117300;229400;250
674;5;161;59622;86800;146
675;5;104;-577;31500;152
676;5;243;500;38850;267
677;5;278;-513;45000;206
678;5;131;20680;96900;212
679;5;264;900;148600;251
680;5;240;-529;25500;268
681;5;271;89300;107350;182
682;5;21;136;99266;0
683;5;47;63000;85100;55
684;5;47;233;98500;55
685;5;21;8965;24009;0
686;5;172;27000;43700;142
687;5;86;149000;182394;253
688;5;94;68000;91500;255
689;5;94;81504;108400;255
690;5;94;38900;57755;255
691;5;295;6400;56029;269
692;5;295;18500;29000;269
693;5;14;0;79000;256
694;5;14;21500;81859;270
695;5;86;2500;158500;253
696;5;86;210000;237000;253
697;5;264;161485;203400;243
698;5;53;88000;104050;228
699;5;103;1500;12500;0
700;5;187;41810;274100;0
701;5;296;-706;123400;257
702;5;161;124450;139300;0
703;5;21;38300;141249;178
704;5;115;-130;40000;222
705;5;115;58900;72616;222
706;5;103;1000;7800;271
707;5;103;67;10984;272
708;5;297;-1563;7800;272
709;5;298;0;71500;273
710;5;281;2190;14068;274
711;5;270;45001;60013;169
712;5;282;2350;51000;231
713;5;270;-505;7550;0
714;5;4;26000;39400;181
715;5;299;136;1515;0
716;5;47;32600;53971;55
717;5;47;3601;28700;55
718;5;284;22000;31868;233
719;5;55;33000;46758;221
720;5;44;85000;327362;141
721;5;51;25000;46581;140
722;5;44;-270;50030;141
723;5;183;1481;8100;275
724;7;256;700;14200;0
725;7;12;100200;106357;0
726;7;22;136;4621;0
727;7;47;53971;40900;55
728;7;60;168866;191332;113
729;7;199;38000;61500;276
730;7;300;21220;50500;277
731;7;172;1800;52639;278
732;7;171;27000;72640;279
733;7;171;67500;103500;279
734;7;171;9510;17900;279
735;7;171;1147;20906;280
736;7;133;-365;136100;281
737;7;133;152450;172700;281
738;7;133;195500;218700;281
739;7;127;-427;158000;282
740;7;56;9500;19100;283
741;7;301;3461;273232;284
742;7;9;763;161000;0
743;7;302;2550;3384;285
744;7;27;53000;1017;286
745;7;303;14;106512;287
746;7;129;1000;22400;42
747;7;32;-142;100320;288
748;7;123;400;89000;289
749;7;304;114000;102000;290
750;7;125;162767;191000;282
751;7;305;-603;107201;291
752;7;133;31300;52000;292
753;7;9;16010;34000;0
754;7;306;90000;102073;293
755;7;306;90000;107500;293
756;7;307;-744;29000;294
757;7;53;36980;66000;295
758;7;308;0;35100;296
759;7;309;71500;89655;297
760;7;9;-5103;93525;0
761;7;9;-2058;62500;0
762;7;21;-529;25500;268
763;7;2;1069;9700;298
764;7;79;20975;31000;299
765;7;79;-175;17500;299
766;7;310;-249;46685;300
767;7;1;19000;37900;301
768;7;311;600;10700;302
769;7;0;6100;14700;303
770;7;6;33100;38200;304
771;7;70;1500;14627;305
772;7;312;0;7000;306
773;7;45;38400;54008;97
774;7;313;-485;5162;307
775;7;313;734;45100;307
776;7;9;36000;49000;0
777;7;47;28700;10650;55
778;7;1;33900;78000;308
779;7;1;100900;129500;308
780;7;1;162000;183100;309
781;7;1;209060;234289;310
782;7;314;500;29200;311
783;7;314;25000;48038;312
784;7;34;43400;61000;313
785;7;9;179000;195000;0
786;7;60;-467;48200;314
787;7;133;92100;110557;315
788;7;60;1300;16600;316
789;7;180;-218;93400;317
790;7;133;10000;86100;315
791;7;60;129000;148000;113
792;7;264;1630;92000;318
793;7;41;16000;39800;319
794;7;158;20708;52353;320
795;7;133;221500;234530;321
796;7;154;5399;259100;322
797;7;1;710;355910;323
798;7;187;18990;349650;324
799;7;179;-416;129695;325
800;7;315;940;255000;326
801;7;6;17529;31000;327
802;7;316;92;158000;282
803;7;264;13420;25000;328
804;7;317;-449;11000;329
805;7;128;112;42038;290
806;7;9;141500;148000;0
807;7;41;4000;100200;330
808;7;9;-1901;273233;0
809;7;85;150500;168000;331
810;7;92;0;123500;332
811;7;92;99000;123500;332
812;7;128;-390;163000;333
813;7;85;80000;101500;334
814;7;85;12500;36000;334
815;7;85;102800;117000;334
816;7;128;117700;133000;333
817;7;27;-413;12000;335
818;7;48;76816;89326;0
819;7;53;0;94000;228
820;7;103;1500;12500;0
821;7;60;69000;102100;336
822;7;318;38000;67000;337
823;7;187;229;281400;0
824;7;79;-175;143250;0
825;7;307;32092;51000;294
826;7;105;-149;13150;338
827;7;319;-42;25500;338
828;7;319;13150;27403;339
829;7;320;47500;119200;340
830;7;55;56000;63700;0
831;7;41;117367;165700;330
832;7;22;-603;98799;0
833;7;305;166001;180046;291
834;7;27;-259;48000;0
835;7;9;-1298;3100;0
836;7;9;248000;260000;0
837;7;32;42500;62500;341
838;7;306;-225;132510;293
839;7;32;5396;29000;341
840;7;53;191;24500;295
841;7;321;600;6000;212
842;7;35;584;30100;342
843;7;48;55300;67000;0
844;7;322;600;151799;212
845;7;34;-476;12000;313
846;7;323;12000;81859;343
847;7;239;0;763;95
848;7;324;12400;29880;344
849;7;325;63;29835;345
850;8;15;-1298;7600;0
851;8;22;136;4621;0
852;8;48;700;53500;0
853;8;326;5995;67000;340
854;8;60;-474;197250;336
855;8;199;58250;74925;276
856;8;171;11000;37000;279
857;8;133;127000;150900;281
858;8;70;500;68400;305
859;8;264;-30;41800;318
860;8;117;14;7822;287
861;8;133;-215;74000;0
862;8;133;88800;99700;315
863;8;128;112;47000;290
864;8;127;4000;143900;346
865;8;56;16500;29200;283
866;8;123;13000;22000;347
867;8;309;0;109990;348
868;8;9;156200;173000;0
869;8;309;47300;64500;297
870;8;327;6300;17400;349
871;8;48;64000;79625;0
872;8;306;119000;145310;293
873;8;117;-513;49900;287
874;8;129;299;41200;42
875;8;129;-1233;75200;42
876;8;129;102000;119000;42
877;8;45;-269;60000;97
878;8;32;-762;127300;288
879;8;128;62202;123350;290
880;8;305;175701;197330;291
881;8;133;37000;106000;292
882;8;318;11000;25000;337
883;8;318;-313;33000;337
884;8;9;-1318;83599;0
885;8;9;20500;38800;0
886;8;318;28500;52000;337
887;8;318;38000;53000;337
888;8;307;-375;35370;294
889;8;309;81106;98806;297
890;8;9;-150;97800;0
891;8;309;21500;35684;350
892;8;9;59000;70200;0
893;8;14;75000;83599;351
894;8;171;45300;113600;279
895;8;135;405;207770;282
896;8;27;-259;48000;352
897;8;79;26000;39557;299
898;8;79;11430;21000;299
899;8;311;0;33020;302
900;8;6;5618;41400;304
901;8;70;1100;38000;305
902;8;9;117200;145950;0
903;8;318;49000;67000;337
904;8;53;59870;75000;295
905;8;70;-717;29500;305
906;8;60;174080;200530;113
907;8;123;400;35100;353
908;8;328;35100;85421;354
909;8;32;95000;109400;288
910;8;47;14930;1770;55
911;8;1;221444;239514;310
912;8;1;59300;93200;308
913;8;1;-105;146000;309
914;8;1;176900;194900;355
915;8;1;-95;37900;308
916;8;9;248000;273232;0
917;8;314;42000;342350;312
918;8;315;74;264000;326
919;8;180;75200;105593;317
920;8;264;7700;101600;318
921;8;60;760;32389;316
922;8;158;11200;33900;320
923;8;133;5399;241500;321
924;8;133;58475;193000;281
925;8;187;3000;283900;356
926;8;1;45000;273000;310
927;8;179;117000;146700;325
928;8;324;-577;17000;344
929;8;41;22820;44000;319
930;8;60;0;74100;336
931;8;60;-291;153700;113
932;8;123;3;81467;0
933;8;27;-259;53000;0
934;8;171;31940;84900;279
935;8;85;-388;138500;0
936;8;82;400;26584;0
937;8;85;113000;166594;334
938;8;85;47000;84000;334
939;8;85;18000;117000;334
940;8;93;-1082;28170;332
941;8;93;-571;21000;332
942;8;82;400;38050;357
943;8;85;-539;197300;358
944;8;27;9500;30000;352
945;8;82;36000;89326;357
946;8;53;0;110600;228
947;8;307;-744;24220;359
948;8;97;-488;5637;360
949;8;329;0;90800;360
950;8;133;15000;26900;292
951;8;320;47500;119200;340
952;8;41;133100;188700;330
953;8;305;103300;119001;291
954;8;305;148000;158140;291
955;8;27;363;106800;0
956;8;9;-1298;3100;0
957;8;9;257500;273232;0
958;8;32;26200;38700;341
959;8;32;54000;75700;341
960;8;53;191;12000;0
961;8;34;15500;35000;313
962;8;35;12650;38550;342
963;8;34;57500;72500;313
964;8;330;17500;30894;361
965;8;330;17500;30894;361
966;8;41;15100;117347;330
967;9;15;-1298;7600;0
968;9;22;136;4621;0
969;9;45;54008;79765;97
970;9;45;-5;11905;0
971;9;306;38000;102073;362
972;9;171;-415;55130;279
973;9;9;104000;121500;0
974;9;127;22300;110450;54
975;9;127;-730;127000;346
976;9;174;30660;141000;112
977;9;264;25000;69000;318
978;9;70;63000;161642;305
979;9;318;-791;18400;337
980;9;32;120700;136765;288
981;9;32;-202;87013;341
982;9;331;2500;83407;42
983;9;128;39610;59340;290
984;9;130;184000;7840;282
985;9;53;72000;84600;295
986;9;9;171600;180800;0
987;9;309;57000;81106;297
988;9;9;235000;243965;0
989;9;332;-2001;42038;363
990;9;27;49300;58000;286
991;9;9;241000;249875;0
992;9;27;67750;12100;286
993;9;48;76816;89326;0
994;9;333;0;46300;364
995;9;129;38580;50000;42
996;9;129;72500;96740;42
997;9;123;20000;35100;347
998;9;60;0;60460;314
999;9;305;0;153870;291
1000;9;305;25600;170503;291
1001;9;133;24000;39980;292
1002;9;133;52000;169860;292
1003;9;9;12500;20500;0
1004;9;9;41500;53000;0
1005;9;326;30300;49855;340
1006;9;309;89655;105853;297
1007;9;326;5995;67000;340
1008;9;129;113700;129847;42
1009;9;79;19775;26000;299
1010;9;311;25000;51500;302
1011;9;9;191000;210000;0
1012;9;326;-488;58621;340
1013;9;326;22200;34900;340
1014;9;27;30000;39500;352
1015;9;79;39557;106193;299
1016;9;70;32100;51100;305
1017;9;107;-128;6344;365
1018;9;32;-202;87013;341
1019;9;326;35500;102073;293
1020;9;46;32200;-230;366
1021;9;1;89500;114900;308
1022;9;1;143600;174600;309
1023;9;1;-245;214110;310
1024;9;311;25000;127810;302
1025;9;133;209350;182200;281
1026;9;133;97700;119078;315
1027;9;1;230500;242200;310
1028;9;1;268002;355910;310
1029;9;133;15000;33800;292
1030;9;324;6300;21600;344
1031;9;133;120700;-365;0
1032;9;315;489;274173;326
1033;9;133;75000;95100;315
1034;9;309;105853;124500;348
1035;9;60;151400;167000;113
1036;9;172;38000;50500;367
1037;9;158;0;23500;320
1038;9;171;77450;93100;279
1039;9;334;141;1600;368
1040;9;335;-413;12806;335
1041;9;92;12000;103829;369
1042;9;85;2600;199786;358
1043;9;60;-1046;211500;113
1044;9;128;-642;154320;333
1045;9;85;-400;153000;331
1046;9;27;25900;39500;352
1047;9;85;-950;51000;334
1048;9;92;51000;129300;332
1049;9;128;10;166594;333
1050;9;53;29930;45770;295
1051;9;53;107700;120580;228
1052;9;336;-236;5000;370
1053;9;307;-744;29000;294
1054;9;111;0;166200;371
1055;9;60;266;34000;0
1056;9;133;-256;12090;292
1057;9;133;-163;18199;292
1058;9;337;-488;2800;360
1059;9;320;47500;119200;340
1060;9;60;112300;127000;113
1061;9;41;145100;191900;330
1062;9;338;-603;4610;0
1063;9;27;106800;-327;0
1064;9;9;-1298;3100;0
1065;9;306;90000;117000;293
1066;9;32;34000;50500;341
1067;9;35;0;53600;342
1068;9;34;68000;82730;313
1069;9;34;32100;46000;313
1070;9;306;128500;153902;293
1071;9;41;0;133100;330
1072;9;1;283200;288465;0
1073;10;15;-1298;7600;0
1074;10;22;136;4621;0
1075;10;45;1980;24500;97
1076;10;54;-400;52500;372
1077;10;170;2500;21600;373
1078;10;198;-415;11000;374
1079;10;176;22000;43700;375
1080;10;143;122570;207770;376
1081;10;8;17910;25800;377
1082;10;73;0;148100;378
1083;10;59;33200;50000;379
1084;10;59;3400;97200;380
1085;10;138;-12;5550;381
1086;10;73;6700;36600;382
1087;10;8;-1273;64600;383
1088;10;106;-427;78000;384
1089;10;42;26500;38230;385
1090;10;38;-321;69300;385
1091;10;24;60000;141000;386
1092;10;43;0;11000;0
1093;10;43;25100;38000;0
1094;10;29;-1318;13000;387
1095;10;16;-1298;13000;388
1096;10;260;67000;105000;389
1097;10;339;-569;123500;390
1098;10;139;-920;3500;391
1099;10;340;-876;28108;392
1100;10;138;1594;86261;393
1101;10;341;-250;81000;394
1102;10;73;91000;114050;395
1103;10;342;1069;24559;396
1104;10;122;-1086;104500;397
1105;10;171;137700;160990;398
1106;10;22;-100;34000;0
1107;10;343;-249;46801;242
1108;10;24;4000;13000;386
1109;10;140;-2188;5775;399
1110;10;109;-249;46801;400
1111;10;24;33500;48000;386
1112;10;9;365500;386000;0
1113;10;344;-984;130701;390
1114;10;8;11200;19826;377
1115;10;125;405;219053;401
1116;10;15;-1298;7600;394
1117;10;73;4341;16400;402
1118;10;345;-727;10000;403
1119;10;8;3100;7573;404
1120;10;8;-79;14020;405
1121;10;346;7800;98065;406
1122;10;18;-250;4000;407
1123;10;62;-831;16000;408
1124;10;62;24500;50000;408
1125;10;347;2100;29320;409
1126;10;118;4000;44700;397
1127;10;46;-230;18029;366
1128;10;26;-608;8900;410
1129;10;260;763;21000;389
1130;10;26;-440;39750;410
1131;10;22;53800;68460;0
1132;10;26;54788;62700;411
1133;10;122;-730;104500;412
1134;10;40;22820;44000;319
1135;10;40;-460;16000;319
1136;10;161;226000;273029;413
1137;10;133;205000;231700;281
1138;10;163;299000;325000;414
1139;10;153;400;152000;415
1140;10;163;-294;295000;414
1141;10;153;120000;133500;416
1142;10;176;56000;355910;375
1143;10;184;528;59638;417
1144;10;179;146700;117000;325
1145;10;348;21600;1000;418
1146;10;163;7;241734;414
1147;10;163;103200;219100;419
1148;10;59;20;87000;420
1149;10;22;136;4621;0
1150;10;43;5250;100569;0
1151;10;109;10500;14000;0
1152;10;158;2;52353;320
1153;10;59;7200;14000;0
1154;10;113;55800;63548;421
1155;10;335;0;34100;0
1156;10;85;2500;254878;422
1157;10;91;103321;162500;423
1158;10;335;14800;75055;424
1159;10;29;5700;29500;387
1160;10;335;6400;16800;425
1161;10;136;109830;133000;426
1162;10;225;19000;78200;427
1163;10;59;800;14000;379
1164;10;53;-49;104050;228
1165;10;202;524;345000;0
1166;10;2;65626;89000;428
1167;10;106;2737;69000;429
1168;10;109;-1086;64500;430
1169;10;104;338;31500;263
1170;10;349;0;10500;431
1171;10;150;-531;128400;432
1172;10;146;12;17000;433
1173;10;350;9300;13622;434
1174;10;180;98600;105593;0
1175;10;13;0;106800;0
1176;10;9;-1298;3100;0
1177;10;73;6700;36600;382
1178;10;351;0;17900;435
1179;10;45;60000;38400;436
1180;10;45;110200;131740;436
1181;10;42;-787;10600;385
1182;10;39;23000;47200;437
1183;10;39;-519;85300;437
1184;10;34;7000;19000;0
1185;11;187;19600;164886;0
1186;11;15;-1298;7600;0
1187;11;22;136;4621;0
1188;11;39;4400;21750;437
1189;11;40;-8;9998;0
1190;11;41;66100;245200;438
1191;11;169;-753;12393;439
1192;11;198;7000;29412;374
1193;11;174;174810;136000;112
1194;11;225;71150;95689;427
1195;11;122;-730;116110;397
1196;11;143;111546;130350;376
1197;11;171;-393;150300;376
1198;11;59;-474;30000;379
1199;11;120;2000;44700;397
1200;11;59;39000;56600;379
1201;11;352;2000;143900;397
1202;11;138;819;20000;381
1203;11;138;55600;71200;381
1204;11;8;52400;72900;383
1205;11;42;38230;50000;385
1206;11;345;6000;13899;403
1207;11;24;93000;141000;386
1208;11;43;7200;56647;0
1209;11;43;-59;48081;0
1210;11;260;54000;76000;389
1211;11;110;-485;1472;440
1212;11;127;70000;85421;441
1213;11;73;104400;123445;395
1214;11;22;30400;43500;0
1215;11;24;6000;23500;386
1216;11;24;1000;60000;386
1217;11;344;128750;138000;390
1218;11;122;16700;110450;397
1219;11;5;1069;24559;396
1220;11;73;12500;26500;402
1221;11;62;7000;26700;408
1222;11;26;-741;72331;411
1223;11;26;-608;18000;410
1224;11;26;26300;47600;410
1225;11;260;155;35200;389
1226;11;39;30700;59000;437
1227;11;40;16000;39800;319
1228;11;40;39800;62372;319
1229;11;163;-115;342000;414
1230;11;153;141681;166000;415
1231;11;153;-362;112810;416
1232;11;161;3000;180979;442
1233;11;353;600;161000;443
1234;11;179;195;110000;325
1235;11;348;1000;27480;418
1236;11;63;166655;45000;385
1237;11;8;22335;48400;377
1238;11;113;154838;53800;0
1239;11;38;4000;95000;385
1240;11;354;819;1817;444
1241;11;161;25607;229468;413
1242;11;59;93800;102611;380
1243;11;22;-505;14406;0
1244;11;355;0;75055;0
1245;11;169;12381;43307;0
1246;11;225;-61;98200;0
1247;11;218;62906;118500;90
1248;11;29;62500;75055;387
1249;11;29;38500;65000;387
1250;11;91;15784;103320;423
1251;11;91;124000;173571;423
1252;11;60;1350;234600;445
1253;11;136;128000;295000;426
1254;11;73;-200;87000;446
1255;11;41;1605;298034;447
1256;11;53;-49;129500;228
1257;11;2;83340;102500;428
1258;11;356;0;69320;448
1259;11;22;30400;43500;0
1260;11;147;21600;33117;449
1261;11;150;13000;131400;432
1262;11;22;65400;83570;0
1263;11;150;300;148000;431
1264;11;60;1350;213643;0
1265;11;73;32000;53500;382
1266;11;45;-626;128227;436
1267;11;38;15100;151801;385
1268;11;42;7400;19300;385
1269;11;54;-1000;13300;372
1270;11;39;-652;92554;450
1271;11;35;49780;64874;342
1272;12;12;-492;106357;0
1273;12;22;136;4621;0
1274;12;45;19100;43695;97
1275;12;39;-321;8900;437
1276;12;39;4400;35200;437
1277;12;174;109000;86000;68
1278;12;62;-476;66600;408
1279;12;225;-17;119050;451
1280;12;260;73900;126000;389
1281;12;171;157100;219053;376
1282;12;73;144500;158000;378
1283;12;59;50000;65810;379
1284;12;54;10840;63700;372
1285;12;138;1594;38000;381
1286;12;24;52000;75000;386
1287;12;345;10000;13900;403
1288;12;24;86000;99266;386
1289;12;43;15800;31300;0
1290;12;43;13800;54820;0
1291;12;26;6667;30200;410
1292;12;26;37800;97433;410
1293;12;260;-295;59000;389
1294;12;73;67610;203400;446
1295;12;26;-741;98799;411
1296;12;73;114050;134500;395
1297;12;22;39980;55500;0
1298;12;22;80000;93600;0
1299;12;357;4303;20703;452
1300;12;24;19000;37000;386
1301;12;24;52000;66000;386
1302;12;344;134747;141838;390
1303;12;8;61700;152167;383
1304;12;5;-3;9000;396
1305;12;171;109830;131600;453
1306;12;358;-485;46300;242
1307;12;62;24000;35000;408
1308;12;127;-345;72100;441
1309;12;122;-1;89500;397
1310;12;29;5700;18700;387
1311;12;42;13261;32215;385
1312;12;163;0;295000;414
1313;12;153;78000;98000;416
1314;12;153;-200;211000;415
1315;12;153;3100;108999;416
1316;12;161;173750;192500;413
1317;12;176;59000;41500;375
1318;12;349;8500;166200;431
1319;12;179;112100;-432;325
1320;12;41;0;193000;0
1321;12;40;10000;20000;319
1322;12;59;23600;39000;379
1323;12;251;1000;14800;0
1324;12;91;7479;75000;423
1325;12;22;11800;24220;0
1326;12;40;0;10653;0
1327;12;335;0;75055;0
1328;12;127;0;345182;0
1329;12;127;316700;345182;426
1330;12;335;14250;24500;425
1331;12;91;75000;145000;423
1332;12;29;8500;41500;387
1333;12;60;230900;254878;445
1334;12;53;66681;120580;228
1335;12;271;-902;140000;0
1336;12;2;113800;141000;454
1337;12;161;124450;139300;0
1338;12;22;44800;52000;0
1339;12;253;4500;23630;222
1340;12;147;400;26000;449
1341;12;253;4700;19444;449
1342;12;359;-531;64500;455
1343;12;150;-488;136400;456
1344;12;9;-1298;3100;0
1345;12;73;50000;67000;382
1346;12;45;-286;114300;436
1347;12;38;28668;44000;385
1348;12;39;52200;71000;437
1349;12;169;10400;20600;439
1350;12;169;5065;40016;457
1351;14;256;700;9370;0
1352;14;12;-492;106357;0
1353;14;51;27400;-195;140
1354;14;360;-463;68275;170
1355;14;361;29000;67994;170
1356;14;21;136;25500;0
1357;14;86;75200;52700;143
1358;14;161;45310;31000;144
1359;14;164;-175;36420;147
1360;14;86;0;29965;148
1361;14;131;-753;2880;205
1362;14;180;31359;14210;213
1363;14;180;-218;55100;200
1364;14;172;43700;27000;142
1365;14;162;-468;183024;198
1366;14;162;-239;241500;199
1367;14;156;-1200;10800;249
1368;14;257;40920;117788;153
1369;14;257;-549;53000;154
1370;14;243;500;22000;179
1371;14;271;1500;61500;174
1372;14;111;2737;143900;458
1373;14;293;68800;78000;261
1374;14;10;145950;127500;168
1375;14;243;30000;500;459
1376;14;243;600;18432;157
1377;14;4;58994;-99;158
1378;14;259;-2001;42038;160
1379;14;362;-996;266400;460
1380;14;277;-142;68000;197
1381;14;14;75000;-1386;186
1382;14;86;7600;297360;266
1383;14;260;386000;131500;161
1384;14;258;160000;11;215
1385;14;363;-1698;7000;461
1386;14;261;-340;51363;162
1387;14;86;0;271165;196
1388;14;142;-485;9545;164
1389;14;47;233;74400;55
1390;14;45;-286;100010;436
1391;14;30;-668;112108;462
1392;14;19;15600;53000;165
1393;14;263;8000;53000;166
1394;14;109;900;137500;264
1395;14;104;-1062;16500;263
1396;14;264;22500;211690;167
1397;14;104;54976;-1062;216
1398;14;307;-1083;84000;241
1399;14;270;-511;74150;169
1400;14;270;60013;45001;169
1401;14;104;112;54976;176
1402;14;268;47250;100;171
1403;14;268;100;14000;171
1404;14;257;-16;5000;210
1405;14;163;43100;158300;177
1406;14;4;-99;12500;246
1407;14;1;-95;21500;180
1408;14;4;91500;71600;181
1409;14;3;-560;10066;183
1410;14;364;1000;1500;463
1411;14;240;25500;16390;247
1412;14;274;138000;148600;188
1413;14;264;-106;128100;251
1414;14;257;47900;20200;172
1415;14;225;-21;7500;265
1416;14;365;-21;61400;464
1417;14;257;-3;216500;191
1418;14;257;195035;160230;191
1419;14;46;11700;24000;366
1420;14;46;91000;108140;54
1421;14;14;-1386;61000;186
1422;14;127;-427;158000;282
1423;14;276;482;86000;194
1424;14;287;15600;194900;248
1425;14;271;-347;126200;182
1426;14;271;107350;89300;182
1427;14;271;75000;55600;182
1428;14;271;0;165000;149
1429;14;75;2565;48000;185
1430;14;278;16390;136;206
1431;14;44;50030;-270;141
1432;14;131;57179;34591;205
1433;14;161;75000;49708;146
1434;14;196;154600;161791;465
1435;14;127;-1086;85421;207
1436;14;270;19385;0;208
1437;14;240;-803;99266;209
1438;14;131;128000;20680;211
1439;14;166;-15;33000;149
1440;14;47;-8;91700;55
1441;14;366;-529;1270;0
1442;14;169;16700;40016;0
1443;14;272;0;49900;0
1444;14;161;52700;38500;0
1445;14;9;141500;148000;0
1446;14;163;138400;207770;0
1447;14;264;-106;147000;0
1448;14;367;140632;346170;0
1449;14;279;700;15710;0
1450;14;280;-318;71500;218
1451;14;279;12000;136410;219
1452;14;295;56029;6400;269
1453;14;104;78;121772;152
1454;14;104;124500;99736;152
1455;14;104;78;130800;152
1456;14;14;40400;81859;186
1457;14;86;2900;219000;253
1458;14;86;2500;133214;145
1459;14;86;269087;2900;196
1460;14;264;91000;185000;243
1461;14;225;19000;26530;187
1462;14;53;66681;137500;228
1463;14;61;35000;18000;220
1464;14;202;1995;345000;0
1465;14;268;100;14000;171
1466;14;26;80871;95350;0
1467;14;368;7800;24009;0
1468;14;70;-2;161642;0
1469;14;109;83000;-478;258
1470;14;369;1000;16800;466
1471;14;109;1000;75000;230
1472;14;370;-224;6600;467
1473;14;109;-160;83000;226
1474;14;115;2699;71500;227
1475;14;106;8500;44000;192
1476;14;282;-170;23500;231
1477;14;9;-1298;3100;0
1478;14;46;4310;18029;366
1479;14;46;18029;4310;366
1480;14;47;40000;23200;55
1481;14;278;45000;136;0
1482;14;55;-400;35600;221
1483;14;44;-639;92554;141
1484;14;284;0;24850;233
1485;14;44;73800;57700;141
1486;14;44;92554;69000;141
1487;14;44;20620;4200;141
1488;14;239;0;3500;95
1489;14;179;237681;207000;234
1490;14;50;16500;41000;468
1491;14;239;-803;16390;95
1492;14;371;-467;19400;0
1493;14;87;26000;13800;469
1494;14;372;1800;24500;470
1495;14;1;283200;288465;0
1496;14;323;0;68900;471
1497;15;280;33700;81859;218
1498;15;12;-492;106357;0
1499;15;373;-8;5020;0
1500;15;46;-253;67000;54
1501;15;86;75700;100000;143
1502;15;86;66900;40000;143
1503;15;161;45310;22000;144
1504;15;180;64500;31130;200
1505;15;86;11656;29965;148
1506;15;164;36420;238534;147
1507;15;161;62840;49708;146
1508;15;166;11500;60986;260
1509;15;172;38000;20000;142
1510;15;162;134;166700;198
1511;15;162;159500;47255;198
1512;15;162;152200;-239;198
1513;15;44;61167;38600;141
1514;15;278;-513;16390;206
1515;15;243;30000;500;459
1516;15;70;107800;2100;229
1517;15;109;-706;112400;151
1518;15;104;108500;89101;152
1519;15;257;40920;87900;153
1520;15;257;59500;41800;154
1521;15;271;61500;23800;174
1522;15;10;129700;117200;168
1523;15;9;10;239000;0
1524;15;278;-738;45000;241
1525;15;14;71000;-1386;186
1526;15;260;136380;8400;161
1527;15;374;-1698;2405;472
1528;15;86;280000;264930;196
1529;15;47;74400;53000;55
1530;15;45;-626;114300;436
1531;15;109;141700;128000;257
1532;15;264;221900;204000;167
1533;15;270;-488;69522;169
1534;15;270;50001;37580;169
1535;15;284;24850;11000;233
1536;15;163;165000;145000;177
1537;15;131;-1151;111000;212
1538;15;4;-99;9000;246
1539;15;1;19000;112000;180
1540;15;4;81260;47105;181
1541;15;257;464;10000;239
1542;15;3;10066;3400;183
1543;15;21;38300;141249;178
1544;15;21;15600;53600;165
1545;15;273;40200;141000;178
1546;15;55;58700;52500;189
1547;15;257;230744;188180;191
1548;15;257;179895;140470;191
1549;15;268;14000;6000;171
1550;15;46;-230;32200;366
1551;15;46;103000;131740;54
1552;15;178;-1134;80500;473
1553;15;276;482;58400;194
1554;15;271;126200;115700;182
1555;15;271;93300;75000;182
1556;15;271;153977;157706;149
1557;15;271;165000;153977;149
1558;15;75;48000;29000;185
1559;15;271;61050;44500;182
1560;15;76;14840;6614;149
1561;15;109;141700;166200;257
1562;15;131;89500;49281;150
1563;15;161;91900;72000;146
1564;15;161;0;151500;204
1565;15;260;131500;161491;389
1566;15;75;53000;80000;185
1567;15;270;28201;13401;208
1568;15;240;-529;99266;209
1569;15;20;10203;800;214
1570;15;21;-577;1300;0
1571;15;47;2200;89580;55
1572;15;166;6500;60986;0
1573;15;70;1400;107800;0
1574;15;291;9000;12806;0
1575;15;104;145000;78;474
1576;15;94;108400;81504;255
1577;15;280;72500;28500;218
1578;15;291;6400;28170;475
1579;15;94;70200;55500;255
1580;15;14;-514;20000;270
1581;15;14;68900;350;256
1582;15;86;153000;346170;253
1583;15;86;182394;149000;253
1584;15;86;199000;170000;253
1585;15;70;-351;107800;229
1586;15;264;192000;154900;243
1587;15;53;-435;129500;228
1588;15;61;18000;90400;220
1589;15;225;4100;161642;476
1590;15;55;18200;64007;0
1591;15;161;124450;139300;0
1592;15;21;31500;22200;178
1593;15;103;-1563;6300;477
1594;15;368;7800;24009;478
1595;15;110;-1086;45100;440
1596;15;253;4500;23630;222
1597;15;115;63400;47000;222
1598;15;115;-130;16000;222
1599;15;111;0;78000;117
1600;15;104;-577;7500;263
1601;15;375;-157;14068;479
1602;15;28;-170;13244;0
1603;15;204;1850;44390;480
1604;15;282;2350;12000;231
1605;15;9;-1298;3100;0
1606;15;109;-160;102000;481
1607;15;46;4310;4400;366
1608;15;47;14930;1770;55
1609;15;47;46300;32600;55
1610;15;14;55000;46000;186
1611;15;86;319000;7600;163
1612;15;55;33000;64007;221
1613;15;44;25800;-264;141
1614;15;173;98600;106519;482
1615;15;206;35;106519;0
1616;15;50;-280;20920;468
1617;15;376;23000;-1400;483
1618;15;87;20000;-148;469
1619;15;372;24500;1800;470
1620;16;12;-492;106357;0
1621;16;350;11900;13100;0
1622;16;18;-250;5900;0
1623;16;51;17500;27400;140
1624;16;373;-8;5020;0
1625;16;131;44442;22000;205
1626;16;46;40322;29250;366
1627;16;131;-753;38300;205
1628;16;180;46600;0;200
1629;16;86;85500;66900;143
1630;16;86;46300;0;143
1631;16;161;31000;43307;144
1632;16;86;113800;247705;145
1633;16;164;238534;765;147
1634;16;172;27000;238534;142
1635;16;161;52700;40680;146
1636;16;166;33000;3343;149
1637;16;131;-215;128000;211
1638;16;162;166700;148000;198
1639;16;162;47255;129995;198
1640;16;200;290;119000;249
1641;16;200;4000;241500;249
1642;16;278;45000;-513;206
1643;16;271;27200;16209;174
1644;16;293;68800;78000;261
1645;16;243;600;18432;157
1646;16;14;79775;72000;186
1647;16;70;2100;89400;229
1648;16;109;0;100400;151
1649;16;104;91600;77701;152
1650;16;257;117788;-549;153
1651;16;257;41800;53000;154
1652;16;10;121500;104000;168
1653;16;278;84000;-738;241
1654;16;277;54000;91700;197
1655;16;14;61000;53450;186
1656;16;45;110200;128227;436
1657;16;4;47105;58994;181
1658;16;264;175000;108000;243
1659;16;264;207500;91000;167
1660;16;270;69522;55001;169
1661;16;268;7350;70200;171
1662;16;9;415000;148000;0
1663;16;257;20200;46450;172
1664;16;270;45001;24565;169
1665;16;55;-1000;47583;189
1666;16;21;-608;47250;165
1667;16;163;145000;207770;177
1668;16;21;31500;22200;178
1669;16;273;76000;136500;178
1670;16;271;79500;71800;182
1671;16;3;4763;-444;183
1672;16;9;-2069;224000;0
1673;16;264;112000;22990;251
1674;16;257;216500;165830;191
1675;16;257;165830;40920;191
1676;16;46;29250;40322;366
1677;16;47;1770;14930;55
1678;16;273;34730;134300;178
1679;16;178;21100;86000;193
1680;16;276;15600;174600;195
1681;16;271;119400;103700;182
1682;16;271;48000;1500;182
1683;16;271;157706;167;149
1684;16;75;37000;17698;185
1685;16;180;17000;2852;213
1686;16;161;86800;59622;146
1687;16;161;3000;159500;204
1688;16;161;148750;229400;203
1689;16;204;44620;176230;480
1690;16;288;0;4621;252
1691;16;240;22200;24009;268
1692;16;55;21000;11850;221
1693;16;76;6614;171712;149
1694;16;21;-529;11651;0
1695;16;110;-1086;41000;0
1696;16;161;45310;31000;0
1697;16;264;-106;154900;0
1698;16;335;0;34100;0
1699;16;94;96000;108400;255
1700;16;280;71500;33700;218
1701;16;94;91500;68000;255
1702;16;295;29000;56029;269
1703;16;14;48500;40400;186
1704;16;94;57755;38900;255
1705;16;14;20000;0;256
1706;16;86;269087;2900;196
1707;16;86;219000;193000;253
1708;16;53;-435;145000;228
1709;16;271;1879;135000;0
1710;16;55;-1000;55000;0
1711;16;21;38300;141249;178
1712;16;281;0;6300;224
1713;16;281;900;5000;225
1714;16;368;7800;24009;478
1715;16;263;1200;53000;0
1716;16;115;40000;-130;222
1717;16;115;12800;14068;222
1718;16;104;14400;338;263
1719;16;28;-170;13244;0
1720;16;115;72616;58900;222
1721;16;115;50000;35100;222
1722;16;282;7500;96000;231
1723;16;9;-1298;3100;0
1724;16;127;-1086;101400;0
1725;16;47;28700;10650;55
1726;16;44;41200;21920;141
1727;16;86;-639;311000;163
1728;16;86;311000;7600;163
1729;16;86;269087;255000;196
1730;16;284;11000;64874;233
1731;16;44;-264;10653;141
1732;16;377;-491;13875;484
1733;16;44;82200;64800;141
1734;16;49;-195;20920;137
1735;16;87;-148;16500;469
1736;16;376;-1400;23000;483
1737;17;12;-492;106357;0
1738;17;33;-608;46050;93
1739;17;220;-608;47100;30
1740;17;36;-491;8150;98
1741;17;283;-1386;116422;232
1742;17;46;65300;35000;366
1743;17;203;110650;174810;66
1744;17;174;174810;600;67
1745;17;168;43540;15021;61
1746;17;162;290;112851;96
1747;17;162;-11;104500;96
1748;17;191;23800;89000;485
1749;17;133;293330;271400;65
1750;17;162;63900;39690;92
1751;17;231;-505;1515;70
1752;17;201;9000;56300;486
1753;17;2;228205;202401;3
1754;17;2;15000;183400;46
1755;17;2;13103;233600;3
1756;17;167;0;90600;4
1757;17;167;107900;43900;4
1758;17;167;-613;20500;59
1759;17;195;188297;3343;58
1760;17;74;0;40000;100
1761;17;81;169400;214850;115
1762;17;80;113800;197000;49
1763;17;80;0;248500;46
1764;17;2;226072;600;107
1765;17;36;116;51000;2
1766;17;51;-273;46581;140
1767;17;96;-706;160000;84
1768;17;92;44159;575;6
1769;17;209;22500;78118;7
1770;17;74;233543;13000;47
1771;17;67;0;157500;9
1772;17;67;39700;16100;8
1773;17;67;157350;73100;9
1774;17;67;717;188454;8
1775;17;7;600;17190;487
1776;17;210;59;82000;10
1777;17;7;17529;19200;11
1778;17;210;65200;173;10
1779;17;211;0;24000;12
1780;17;249;-1431;44211;126
1781;17;243;-21;36500;267
1782;17;7;-73;14689;488
1783;17;214;33178;2502;15
1784;17;127;29600;9000;72
1785;17;10;241000;266400;16
1786;17;30;-668;23100;1
1787;17;230;8000;4047;62
1788;17;11;10000;203300;19
1789;17;48;56694;22500;0
1790;17;12;87700;-1940;0
1791;17;31;0;24105;127
1792;17;378;29000;1770;489
1793;17;145;15610;73396;22
1794;17;218;51200;0;90
1795;17;74;75700;190;102
1796;17;12;-563;30548;0
1797;17;219;48200;25000;29
1798;17;106;3700;89500;21
1799;17;214;-345;35500;15
1800;17;127;-384;59100;490
1801;17;25;-569;116230;32
1802;17;221;-273;27000;33
1803;17;17;-5103;52000;17
1804;17;12;0;93000;0
1805;17;17;81000;73400;34
1806;17;222;-596;9680;35
1807;17;17;85375;7000;17
1808;17;33;0;9150;93
1809;17;8;107500;-14;37
1810;17;224;4000;66000;38
1811;17;211;1264;35500;39
1812;17;243;1100;12000;105
1813;17;225;204700;-613;40
1814;17;379;-588;101750;491
1815;17;380;-59;4000;492
1816;17;24;6000;107913;41
1817;17;381;1089;56000;493
1818;17;163;187300;2719;81
1819;17;226;-603;75473;42
1820;17;211;0;24000;44
1821;17;0;0;32000;45
1822;17;211;350;34300;106
1823;17;211;16209;19021;48
1824;17;223;43600;113740;36
1825;17;60;80;102100;113
1826;17;45;122011;131740;436
1827;17;80;27500;111200;51
1828;17;77;500;205000;494
1829;17;382;-273;2500;495
1830;17;227;43600;101600;108
1831;17;77;0;102500;494
1832;17;228;7100;-80;496
1833;17;378;-1136;29000;489
1834;17;144;3700;47570;21
1835;17;46;35000;65300;366
1836;17;47;10650;28700;55
1837;17;219;92900;58000;109
1838;17;33;0;13400;93
1839;17;241;-1062;89500;101
1840;17;137;86110;49281;63
1841;17;168;9600;-449;0
1842;17;137;128000;-215;71
1843;17;69;-354;4592;0
1844;17;12;64200;-563;0
1845;17;157;290;32000;75
1846;17;232;-1400;35358;114
1847;17;133;267600;249000;111
1848;17;232;30000;-1400;114
1849;17;279;700;15710;0
1850;17;233;96000;103829;76
1851;17;234;61400;28750;77
1852;17;81;300;22100;118
1853;17;218;118500;62906;90
1854;17;81;178000;211500;115
1855;17;232;7505;24300;497
1856;17;234;-341;86000;77
1857;17;167;133215;193944;78
1858;17;83;32000;93600;80
1859;17;81;-742;63000;118
1860;17;53;145000;-435;228
1861;17;383;7800;24009;498
1862;17;384;880;53000;0
1863;17;235;3200;131400;84
1864;17;102;-316;64500;21
1865;17;114;57500;57900;21
1866;17;110;1000;57900;21
1867;17;99;1000;117555;124
1868;17;247;-488;117555;124
1869;17;253;-463;16700;135
1870;17;385;1000;14800;499
1871;17;213;1400;166200;14
1872;17;12;-1940;80500;0
1873;17;28;-5103;18500;88
1874;17;133;9500;355910;0
1875;17;229;53000;32700;74
1876;17;238;53000;23000;91
1877;17;229;134881;116055;56
1878;17;238;3700;100569;91
1879;17;83;36000;47349;500
1880;17;254;-292;80079;94
1881;17;239;28060;16050;95
1882;17;49;20920;-195;137
1883;17;194;11650;-449;138
1884;18;174;30660;82000;68
1885;18;168;45310;15021;61
1886;18;174;600;132350;112
1887;18;176;37370;1120;69
1888;18;231;14406;-505;70
1889;18;157;-500;18490;75
1890;18;162;107000;82200;96
1891;18;162;80000;-1121;64
1892;18;2;216500;-1077;3
1893;18;167;55000;78800;4
1894;18;2;13103;228205;3
1895;18;167;50600;-613;4
1896;18;81;239700;169400;57
1897;18;2;15000;179000;46
1898;18;162;32000;-753;92
1899;18;67;182189;228335;78
1900;18;227;78000;63800;50
1901;18;12;64200;-563;0
1902;18;213;9000;1400;14
1903;18;229;37400;12700;74
1904;18;80;248500;113800;46
1905;18;80;197000;65626;49
1906;18;78;30000;10000;47
1907;18;80;65626;163500;49
1908;18;92;-263;14300;6
1909;18;74;45300;-500;100
1910;18;67;157500;64000;9
1911;18;67;20200;8250;8
1912;18;67;129000;-978;9
1913;18;69;266;16300;99
1914;18;67;50900;-863;8
1915;18;210;89500;61000;10
1916;18;7;25500;-73;11
1917;18;210;61000;30000;10
1918;18;211;24000;18000;12
1919;18;227;63800;124100;50
1920;18;33;-608;46050;93
1921;18;220;52300;28400;30
1922;18;30;35408;15000;1
1923;18;83;800;23400;80
1924;18;31;20470;55040;127
1925;18;218;0;70815;25
1926;18;12;-1940;72000;0
1927;18;127;1000;44000;72
1928;18;13;100350;90400;27
1929;18;219;96048;8200;29
1930;18;214;29400;33178;15
1931;18;12;-569;30548;0
1932;18;163;103200;193000;81
1933;18;25;14241;141838;32
1934;18;221;27000;-434;33
1935;18;17;76000;66450;34
1936;18;17;31500;19000;17
1937;18;242;-529;23300;104
1938;18;119;-1170;69928;501
1939;18;225;-912;204700;40
1940;18;134;58500;37000;83
1941;18;8;3650;152167;37
1942;18;7;700;36945;43
1943;18;96;3250;155000;84
1944;18;7;36945;900;43
1945;18;211;779;56100;7
1946;18;211;34300;0;106
1947;18;211;9700;12400;48
1948;18;17;8000;31500;17
1949;18;0;6420;30000;502
1950;18;219;187;83000;109
1951;18;219;58000;96048;29
1952;18;187;18990;324000;131
1953;18;168;9600;-449;0
1954;18;15;-1298;7600;0
1955;18;137;107200;115700;71
1956;18;168;45310;29550;0
1957;18;133;15350;241500;111
1958;18;133;23800;267600;65
1959;18;163;2719;169860;0
1960;18;81;0;55600;0
1961;18;167;0;344880;0
1962;18;82;0;55600;79
1963;18;234;39089;12200;77
1964;18;81;69960;300;118
1965;18;167;149100;345182;78
1966;18;218;74384;48587;90
1967;18;81;214850;178000;115
1968;18;81;-758;129000;133
1969;18;234;94000;69235;77
1970;18;81;2900;93600;134
1971;18;74;190;53850;24
1972;18;53;137500;151687;228
1973;18;103;900;10984;0
1974;18;227;49720;128881;0
1975;18;383;7800;24009;498
1976;18;338;-603;4610;0
1977;18;134;125;23000;82
1978;18;110;1312;64500;21
1979;18;386;1000;30350;503
1980;18;134;23000;50;504
1981;18;134;1500;21500;122
1982;18;103;-463;12500;136
1983;18;12;-1940;80500;0
1984;18;27;106800;-327;0
1985;18;28;80;51000;88
1986;18;9;-1298;3100;0
1987;18;9;-1298;3100;0
1988;18;133;30647;345000;0
1989;18;229;37400;12700;74
1990;18;229;37400;12700;74
1991;18;48;27000;11350;0
1992;18;238;15635;3700;91
1993;18;229;99274;67100;56
1994;18;229;73400;42070;56
1995;18;229;122475;100000;56
1996;18;239;18400;0;95
1997;18;238;80000;51000;94
1998;19;207;13;131015;0
1999;19;15;-1298;7600;0
2000;19;174;141000;30660;112
2001;19;168;20360;-449;61
2002;19;231;-100;14406;70
2003;19;162;100000;82700;96
2004;19;159;325000;13000;129
2005;19;133;274700;15350;65
2006;19;162;-1168;73500;64
2007;19;2;-1077;188297;3
2008;19;167;6;60100;4
2009;19;167;37200;52639;4
2010;19;167;16700;29965;59
2011;19;2;10500;269430;46
2012;19;2;228205;202401;3
2013;19;162;43000;25000;92
2014;19;13;0;100350;27
2015;19;119;-252;65000;505
2016;19;213;350;9000;14
2017;19;80;163500;46000;49
2018;19;78;16500;2500;47
2019;19;78;2500;135000;47
2020;19;210;173;28500;10
2021;19;92;0;1472;6
2022;19;74;-500;233543;100
2023;19;67;20972;3100;8
2024;19;67;64000;125000;9
2025;19;67;117000;92000;9
2026;19;69;16300;231;99
2027;19;210;82000;53000;10
2028;19;211;18000;21150;12
2029;19;33;46050;0;93
2030;19;127;44000;25000;72
2031;19;30;23100;657;1
2032;19;387;-547;7000;506
2033;19;48;15300;327362;0
2034;19;229;12700;136765;74
2035;19;218;8400;141838;25
2036;19;74;190;134500;24
2037;19;230;1600;327362;62
2038;19;12;72000;61000;0
2039;19;8;-912;107500;40
2040;19;12;-522;31098;0
2041;19;219;25000;109280;29
2042;19;220;32000;0;30
2043;19;210;28500;32;10
2044;19;221;-434;61891;33
2045;19;17;70000;74997;34
2046;19;17;19000;85375;17
2047;19;17;10300;-1318;17
2048;19;163;193000;2719;81
2049;19;225;209450;185000;40
2050;19;211;56100;1264;7
2051;19;17;52000;8000;17
2052;19;80;46000;117850;49
2053;19;382;-80;9687;507
2054;19;134;71000;56000;52
2055;19;12;93000;83260;0
2056;19;17;-493;81000;34
2057;19;229;116055;93000;56
2058;19;245;4800;8340;119
2059;19;81;0;239700;57
2060;19;137;20680;96900;73
2061;19;7;600;40045;28
2062;19;161;148750;345000;508
2063;19;157;-1102;5255;75
2064;19;74;-500;22650;0
2065;19;81;0;168000;0
2066;19;234;-341;112572;0
2067;19;81;66500;69960;118
2068;19;81;150;55600;509
2069;19;234;78500;50402;77
2070;19;92;78000;64700;6
2071;19;92;-708;44159;6
2072;19;81;1350;155300;133
2073;19;81;130000;237000;133
2074;19;67;-961;63000;9
2075;19;53;151687;137500;228
2076;19;202;1993;345000;0
2077;19;271;-347;140000;0
2078;19;161;89100;110600;0
2079;19;383;7800;24009;498
2080;19;110;3585;89500;21
2081;19;134;236;33000;82
2082;19;146;11;155000;84
2083;19;95;51800;148000;84
2084;19;96;-143;148000;84
2085;19;246;0;9400;84
2086;19;246;0;131400;84
2087;19;231;136;4621;0
2088;19;9;-1298;3100;0
2089;19;46;-230;10953;366
2090;19;238;28200;3700;91
2091;19;229;134881;124023;56
2092;19;238;70000;42070;94
2093;19;174;-218;82000;0
2094;21;169;12381;23090;510
2095;21;187;19600;164886;0
2096;21;208;36000;71000;511
2097;21;45;43695;21800;97
2098;21;40;0;10653;0
2099;21;348;1000;21600;418
2100;21;180;104500;75200;317
2101;21;158;2;23500;320
2102;21;170;13500;5580;373
2103;21;198;7000;17900;374
2104;21;163;7;211000;419
2105;21;163;295000;-294;414
2106;21;153;400;112810;416
2107;21;152;11500;219100;512
2108;21;143;900;123700;376
2109;21;59;-459;56600;379
2110;21;349;-706;16800;431
2111;21;138;55600;73495;513
2112;21;8;-1273;31500;377
2113;21;59;0;142007;420
2114;21;138;819;20000;381
2115;21;24;93000;141000;386
2116;21;42;32215;13261;385
2117;21;39;85300;-519;437
2118;21;40;-327;20000;319
2119;21;43;-8;54820;0
2120;21;43;-59;56647;0
2121;21;46;49550;67000;54
2122;21;26;30200;-440;410
2123;21;16;9500;107913;388
2124;21;260;25000;59000;389
2125;21;260;-295;14000;389
2126;21;339;-569;123500;390
2127;21;139;-920;3500;514
2128;21;127;-1;72100;441
2129;21;45;108140;128227;436
2130;21;340;16000;64874;515
2131;21;26;98799;69500;411
2132;21;73;203400;82000;446
2133;21;73;0;118700;395
2134;21;342;24559;1069;396
2135;21;22;93600;80000;0
2136;21;22;55500;39980;0
2137;21;24;66000;52000;386
2138;21;388;68;37630;397
2139;21;138;1594;86261;393
2140;21;389;67000;71200;381
2141;21;9;148000;366500;0
2142;21;344;-340;138000;390
2143;21;24;-577;93000;386
2144;21;18;4000;-250;407
2145;21;73;0;24559;402
2146;21;5;24559;1069;396
2147;21;125;111546;191000;401
2148;21;15;1000;107913;394
2149;21;341;81000;-250;394
2150;21;8;7573;-444;516
2151;21;8;19826;-79;405
2152;21;390;2737;145000;429
2153;21;122;4000;116110;397
2154;21;8;-588;72900;383
2155;21;62;45000;63900;408
2156;21;62;35000;13200;408
2157;21;311;51500;25000;299
2158;21;171;163000;137700;376
2159;21;46;18029;4310;366
2160;21;347;8035;19400;517
2161;21;118;4000;44700;397
2162;21;176;41500;59000;375
2163;21;179;-432;112100;325
2164;21;391;1500;105700;0
2165;21;59;39000;23600;379
2166;21;127;9000;71200;518
2167;21;6;35900;17529;327
2168;21;8;-79;5500;404
2169;21;22;-505;1300;0
2170;21;169;16700;40016;0
2171;21;161;202000;23000;413
2172;21;170;29000;10000;519
2173;21;53;147850;164318;228
2174;21;85;2500;345182;0
2175;21;127;326500;145000;426
2176;21;85;12500;346170;422
2177;21;136;295000;128000;426
2178;21;335;16800;6400;425
2179;21;29;0;65000;520
2180;21;29;33000;5700;387
2181;21;91;0;112000;423
2182;21;73;144500;161642;0
2183;21;106;2737;69000;429
2184;21;113;1865;57000;421
2185;21;153;-362;86110;416
2186;21;178;164900;201325;521
2187;21;109;-1086;32850;430
2188;21;334;12;57800;368
2189;21;150;0;136400;431
2190;21;150;-488;128400;432
2191;21;146;0;1600;433
2192;21;359;1000;117555;455
2193;21;179;143000;161000;235
2194;21;50;-195;20920;0
2195;21;45;60000;38400;97
2196;21;39;47200;17600;437
2197;21;38;-787;151801;385
2198;21;163;342000;-115;414
2199;21;239;0;763;95
2200;21;392;1021;17000;522
2201;21;323;12000;55600;471
2202;22;393;16010;22215;0
2203;22;45;24500;17000;97
2204;22;54;-79;52500;372
2205;22;39;28958;4400;437
2206;22;175;61600;108000;201
2207;22;169;18000;23056;523
2208;22;158;33900;11200;320
2209;22;163;53020;299000;414
2210;22;153;166000;141681;415
2211;22;163;273000;236500;414
2212;22;73;158000;144500;378
2213;22;394;-99;41400;304
2214;22;346;10100;10203;406
2215;22;120;2000;44700;397
2216;22;59;500;87000;380
2217;22;138;58700;35899;381
2218;22;24;60000;141000;386
2219;22;345;13900;6000;403
2220;22;43;5250;38000;0
2221;22;43;31300;7200;0
2222;22;26;97433;37800;410
2223;22;46;61234;79300;54
2224;22;26;-440;8900;410
2225;22;260;161491;73900;389
2226;22;140;3710;5502;399
2227;22;260;59000;-295;389
2228;22;110;-485;1472;440
2229;22;73;87000;67610;446
2230;22;73;123445;-500;395
2231;22;22;83570;74400;0
2232;22;22;43500;30400;0
2233;22;46;4310;4400;366
2234;22;24;37000;19000;386
2235;22;24;23500;4000;386
2236;22;24;60000;1000;386
2237;22;357;4303;20703;452
2238;22;344;138000;128750;390
2239;22;122;37408;110450;397
2240;22;8;72900;52400;383
2241;22;5;9000;-3;396
2242;22;143;123700;219053;376
2243;22;171;0;128900;376
2244;22;79;44400;26000;299
2245;22;6;1200;35900;304
2246;22;62;63900;24500;408
2247;22;62;26700;7000;408
2248;22;294;12500;79775;524
2249;22;26;72331;-741;411
2250;22;47;53971;40900;55
2251;22;45;128227;110200;436
2252;22;24;43000;33500;386
2253;22;42;50000;32215;385
2254;22;42;32215;7400;385
2255;22;40;20000;-460;319
2256;22;59;30000;-474;379
2257;22;176;500;58200;375
2258;22;40;-327;30000;319
2259;22;161;192500;173750;413
2260;22;179;-97;90000;325
2261;22;8;39100;22335;377
2262;22;132;-740;74000;525
2263;22;109;1000;89500;430
2264;22;59;56600;39000;379
2265;22;22;14406;-505;0
2266;22;169;16700;40016;0
2267;22;41;-354;298034;0
2268;22;122;24000;37630;0
2269;22;122;300;116110;0
2270;22;122;65;127000;0
2271;22;158;52353;2;320
2272;22;53;1038;151687;228
2273;22;395;2860;213643;0
2274;22;60;234600;1350;445
2275;22;136;138500;109830;426
2276;22;91;103320;15784;423
2277;22;91;313;145000;423
2278;22;29;65000;38500;387
2279;22;41;298034;1605;447
2280;22;356;69320;0;448
2281;22;22;43500;30400;0
2282;22;147;1000;16100;449
2283;22;150;137500;-488;431
2284;22;210;133310;239456;526
2285;22;109;1000;89500;430
2286;22;150;13000;117555;432
2287;22;179;24000;170000;235
2288;22;179;170000;202000;235
2289;22;240;-803;3000;0
2290;22;9;-1298;3100;0
2291;22;73;62590;32000;382
2292;22;50;20920;-195;0
2293;22;340;4000;22060;515
2294;22;45;60000;38400;97
2295;22;38;28668;95000;385
2296;22;39;-652;47200;437
2297;22;1;283200;288465;0
2298;23;45;-286;60000;97
2299;23;45;20300;1980;97
2300;23;54;-1000;46758;372
2301;23;149;1663;9550;527
2302;23;39;4400;62372;437
2303;23;63;45000;166655;385
2304;23;253;4700;33117;0
2305;23;147;836;29700;0
2306;23;176;41500;119866;375
2307;23;169;6155;17400;528
2308;23;163;299000;0;414
2309;23;163;53020;348059;529
2310;23;153;152000;400;415
2311;23;163;241734;7;414
2312;23;40;44000;-327;319
2313;23;345;13899;800;403
2314;23;73;148100;0;378
2315;23;138;-12;5550;381
2316;23;106;-427;78000;384
2317;23;24;52000;75000;386
2318;23;43;13800;31300;0
2319;23;43;15800;136765;0
2320;23;8;64600;-1273;383
2321;23;39;92554;-652;450
2322;23;29;18700;5700;387
2323;23;26;47600;26300;410
2324;23;26;-440;4270;410
2325;23;46;-253;89510;54
2326;23;29;13000;4000;387
2327;23;260;73900;87500;389
2328;23;129;75200;-1233;42
2329;23;47;46300;32600;55
2330;23;45;114300;-626;436
2331;23;73;72000;-200;446
2332;23;73;104400;203400;395
2333;23;122;-1086;81775;530
2334;23;22;68460;53800;0
2335;23;22;34000;-100;0
2336;23;46;719;10953;366
2337;23;109;-249;13100;400
2338;23;24;1000;43000;386
2339;23;24;13000;4000;386
2340;23;344;130701;-984;390
2341;23;171;111546;160990;376
2342;23;171;131600;109830;453
2343;23;304;80840;114000;42
2344;23;260;155;148000;389
2345;23;62;13200;57400;408
2346;23;62;-476;35000;408
2347;23;26;-741;97433;411
2348;23;225;-1062;98200;451
2349;23;127;72100;-384;441
2350;23;32;-202;46120;341
2351;23;42;44587;26500;385
2352;23;42;13261;44000;385
2353;23;161;23000;345000;413
2354;23;205;98600;103849;482
2355;23;179;29450;67000;531
2356;23;8;25800;11200;377
2357;23;59;50000;33200;379
2358;23;91;7479;75000;423
2359;23;354;752;40015;444
2360;23;22;-100;14406;0
2361;23;40;0;100569;0
2362;23;59;-354;3300;0
2363;23;9;141500;148000;0
2364;23;158;23500;0;320
2365;23;225;-61;98200;0
2366;23;234;28750;780;77
2367;23;335;3500;16800;425
2368;23;60;12500;226000;445
2369;23;29;47000;8500;387
2370;23;127;0;326500;426
2371;23;91;112000;61142;423
2372;23;59;-474;17828;379
2373;23;202;1993;345000;0
2374;23;187;229;281400;0
2375;23;70;-902;5500;0
2376;23;153;112810;-362;416
2377;23;22;52000;44800;0
2378;23;54;25700;103700;0
2379;23;41;245200;103400;532
2380;23;109;1000;49000;430
2381;23;147;6600;22900;449
2382;23;253;16700;4700;449
2383;23;349;15500;148000;431
2384;23;22;136;4621;0
2385;23;73;50046;6700;382
2386;23;37;49550;79765;91
2387;23;240;-803;3000;0
2388;23;38;15100;69300;385
2389;23;39;-519;35200;437
2390;23;38;4000;62372;385
2391;23;35;-476;53600;342
2392;23;330;1536;21900;361
2393;24;92;0;78000;369
2394;24;45;-5;11905;0
2395;24;123;17400;1600;347
2396;24;105;10700;6550;0
2397;24;199;-175;43700;276
2398;24;172;25150;50500;278
2399;24;180;35;93400;533
2400;24;133;290;231700;321
2401;24;156;380;245000;534
2402;24;133;226000;205000;281
2403;24;171;84900;67500;279
2404;24;171;37000;11000;279
2405;24;133;-705;110557;315
2406;24;133;200000;176000;281
2407;24;187;229;349650;356
2408;24;79;20975;21000;299
2409;24;79;-242;39557;299
2410;24;70;38000;1100;305
2411;24;70;-660;38000;305
2412;24;1;227089;200700;310
2413;24;1;404;165360;309
2414;24;1;104000;72350;308
2415;24;1;37900;-95;308
2416;24;1;37900;-126;301
2417;24;1;37900;-126;301
2418;24;311;-105;33020;302
2419;24;128;27847;47000;290
2420;24;128;27847;81800;290
2421;24;53;84600;72000;295
2422;24;70;-1689;68400;305
2423;24;264;41800;25000;318
2424;24;127;-427;127000;346
2425;24;141;-315;10000;535
2426;24;9;-2069;190000;0
2427;24;9;180800;169000;0
2428;24;309;0;98806;297
2429;24;309;81106;57000;297
2430;24;9;145950;129;0
2431;24;141;0;10000;347
2432;24;327;17400;6300;349
2433;24;27;66200;12100;286
2434;24;46;24500;95100;54
2435;24;37;49550;79765;536
2436;24;306;134881;145310;293
2437;24;306;122400;101000;293
2438;24;129;129847;102000;42
2439;24;116;-895;8118;338
2440;24;45;-626;79765;436
2441;24;32;-142;62500;341
2442;24;396;700;108000;333
2443;24;128;123350;62202;290
2444;24;48;-318;79625;0
2445;24;32;0;127300;288
2446;24;305;170503;148000;291
2447;24;305;153870;129001;291
2448;24;123;-252;45000;289
2449;24;133;92100;82600;315
2450;24;133;39980;24000;292
2451;24;47;40000;23200;55
2452;24;318;33000;11000;337
2453;24;393;2545;20500;337
2454;24;46;4310;18029;366
2455;24;171;113600;45300;279
2456;24;307;-744;24220;359
2457;24;326;35500;49855;340
2458;24;308;0;35100;296
2459;24;9;-1500;62500;0
2460;24;397;-249;46685;537
2461;24;14;12500;79775;351
2462;24;21;22200;24009;268
2463;24;123;81467;3;353
2464;24;27;-327;31900;352
2465;24;1;37900;-126;301
2466;24;32;50500;42500;341
2467;24;9;-1901;266400;0
2468;24;326;34900;22200;340
2469;24;307;48570;32092;294
2470;24;398;191;12000;295
2471;24;399;-29;58250;538
2472;24;117;6216;22500;287
2473;24;117;20300;49900;287
2474;24;326;35500;102073;293
2475;24;32;-1136;62500;341
2476;24;9;93525;-150;0
2477;24;315;489;232000;326
2478;24;133;86100;10000;315
2479;24;60;266;14300;316
2480;24;60;74100;-831;336
2481;24;60;176695;-210;113
2482;24;264;22990;92000;318
2483;24;182;17673;230500;539
2484;24;1;500;293157;323
2485;24;264;-1231;13900;328
2486;24;309;178;109990;348
2487;24;60;-291;123900;113
2488;24;393;16010;22215;0
2489;24;317;41899;4100;540
2490;24;400;-539;2000;0
2491;24;85;-388;138500;0
2492;24;92;0;90200;369
2493;24;92;0;78000;369
2494;24;400;-539;88508;541
2495;24;92;143500;127000;332
2496;24;85;101500;69000;334
2497;24;85;-388;117000;334
2498;24;85;2600;168000;358
2499;24;27;-259;30000;352
2500;24;92;99000;103829;332
2501;24;85;-950;254878;334
2502;24;225;78200;19000;427
2503;24;53;45770;29930;295
2504;24;318;35500;52000;337
2505;24;111;-706;17000;371
2506;24;351;9400;112400;435
2507;24;70;-902;5500;0
2508;24;307;-308;35370;294
2509;24;320;47500;119200;532
2510;24;54;25700;63700;0
2511;24;41;66100;165700;330
2512;24;305;1278;180046;291
2513;24;97;0;131400;360
2514;24;337;1100;131400;360
2515;24;105;-42;11500;338
2516;24;13;0;106800;0
2517;24;9;-1298;3100;0
2518;24;186;37945;355910;0
2519;24;41;-327;30000;319
2520;24;321;6000;600;212
2521;24;34;0;72500;313
2522;24;34;39500;67;313
2523;24;35;53600;0;342
2524;24;324;29880;12400;344
2525;24;41;133100;0;330
2526;24;41;1000;95000;330
2527;25;324;12500;99266;344
2528;25;180;93400;-218;317
2529;25;154;15350;231700;322
2530;25;161;273029;226000;413
2531;25;171;72640;27000;279
2532;25;171;-415;23090;279
2533;25;171;23090;1147;280
2534;25;133;-365;99700;315
2535;25;133;186700;58475;281
2536;25;133;155300;133000;281
2537;25;41;30000;16000;319
2538;25;187;0;345000;324
2539;25;1;45000;251000;310
2540;25;60;0;48200;314
2541;25;133;43100;55400;292
2542;25;79;21000;11430;299
2543;25;311;33020;0;302
2544;25;70;500;51100;305
2545;25;70;1100;17100;305
2546;25;79;11430;24387;299
2547;25;1;214110;-245;310
2548;25;1;165360;134800;309
2549;25;1;-182;47524;308
2550;25;9;-493;90925;0
2551;25;53;75000;59870;295
2552;25;70;68400;500;305
2553;25;53;-185;16400;295
2554;25;130;184000;7840;282
2555;25;264;30090;-1231;318
2556;25;56;19100;-384;283
2557;25;309;109990;0;348
2558;25;9;171666;156200;0
2559;25;309;98806;81106;297
2560;25;309;64500;47300;297
2561;25;9;245000;235000;0
2562;25;332;-2001;42038;363
2563;25;306;153902;128500;293
2564;25;129;105000;84000;42
2565;25;129;299;83407;42
2566;25;117;290;7822;287
2567;25;32;127300;-762;288
2568;25;123;42000;81467;289
2569;25;32;75700;54000;341
2570;25;304;114000;102000;290
2571;25;305;180046;166001;291
2572;25;305;0;107201;291
2573;25;9;129;121500;0
2574;25;328;-33;81467;354
2575;25;133;-740;52000;292
2576;25;171;3261;93100;279
2577;25;9;78648;-1318;0
2578;25;9;-2058;44000;0
2579;25;9;44000;31000;0
2580;25;318;52000;28500;337
2581;25;326;49855;30300;340
2582;25;307;35370;-375;294
2583;25;9;62500;-2058;0
2584;25;133;26900;15000;292
2585;25;2;9700;1069;298
2586;25;9;10;210000;0
2587;25;318;35500;53000;337
2588;25;60;127000;112300;113
2589;25;9;-335;249875;0
2590;25;60;-1046;176695;113
2591;25;27;53000;1017;286
2592;25;318;11000;12000;337
2593;25;60;-21;6568;316
2594;25;117;-513;105568;287
2595;25;179;-97;31359;531
2596;25;128;39610;67000;290
2597;25;225;-17;65600;427
2598;25;60;153700;0;113
2599;25;264;7700;69000;318
2600;25;172;32500;52639;367
2601;25;193;28000;36643;529
2602;25;27;53000;-259;0
2603;25;82;-318;76600;0
2604;25;85;84000;47000;334
2605;25;85;0;197300;358
2606;25;85;120000;102800;334
2607;25;93;18500;63288;332
2608;25;335;6400;50474;542
2609;25;85;105500;80000;334
2610;25;48;-318;79625;0
2611;25;92;129300;51000;332
2612;25;92;123500;99000;332
2613;25;85;51000;-950;334
2614;25;307;-100;8340;359
2615;25;326;35500;58621;340
2616;25;320;47500;119200;340
2617;25;41;188700;133100;330
2618;25;338;-603;4610;0
2619;25;319;2190;13150;338
2620;25;319;2248;24000;339
2621;25;9;7500;38800;0
2622;25;27;363;106800;0
2623;25;9;-1298;3100;0
2624;25;32;38700;26200;341
2625;25;48;79625;64000;0
2626;25;306;17;96000;293
2627;25;41;15100;69300;330
2628;25;48;421;43200;0
2629;25;35;0;30100;342
2630;25;34;72500;-424;313
2631;25;34;67;19000;313
2632;26;141;-315;6300;0
2633;26;324;12400;17000;344
2634;26;180;82000;58100;317
2635;26;133;5399;226000;281
2636;26;171;93100;77450;279
2637;26;133;209350;189000;281
2638;26;133;58475;150900;281
2639;26;133;143200;-705;281
2640;26;161;-312;86800;146
2641;26;1;273000;247110;310
2642;26;1;230500;241000;310
2643;26;303;14;106512;287
2644;26;60;197250;-474;336
2645;26;27;49300;58000;286
2646;26;127;4000;116110;346
2647;26;401;-791;22215;337
2648;26;135;900;191000;282
2649;26;60;0;34000;314
2650;26;179;90000;-97;325
2651;26;79;31000;20975;299
2652;26;311;0;110000;302
2653;26;70;430;9800;305
2654;26;70;5100;13850;305
2655;26;302;2550;3384;285
2656;26;60;200530;-1046;113
2657;26;9;-236;224000;0
2658;26;331;2500;83407;42
2659;26;128;112;42038;290
2660;26;53;66000;36980;295
2661;26;129;50000;38580;42
2662;26;301;3461;273232;284
2663;26;9;195000;176000;0
2664;26;309;71500;89655;297
2665;26;309;54000;35684;297
2666;26;9;249875;241000;0
2667;26;48;67000;55300;0
2668;26;306;145310;-225;293
2669;26;129;86190;72500;42
2670;26;32;-762;87013;288
2671;26;32;-202;46120;341
2672;26;305;132200;-587;291
2673;26;127;37408;104500;346
2674;26;305;107201;-603;291
2675;26;133;99700;82600;315
2676;26;133;10000;171400;0
2677;26;133;55400;37000;292
2678;26;9;108000;-493;0
2679;26;9;16010;78648;0
2680;26;9;34000;16010;0
2681;26;306;90000;102073;293
2682;26;307;-375;8340;294
2683;26;9;-150;74997;0
2684;26;9;121500;104000;0
2685;26;123;3;17400;347
2686;26;9;161000;763;0
2687;26;53;191;12000;295
2688;26;32;-762;87013;288
2689;26;107;42;49850;338
2690;26;27;67750;363;286
2691;26;32;29000;5396;341
2692;26;402;92;83407;42
2693;26;264;1630;41800;318
2694;26;60;161000;-500;113
2695;26;197;14000;1795;543
2696;26;9;141500;148000;0
2697;26;308;2000;39000;0
2698;26;60;1350;191332;113
2699;26;85;163100;-400;331
2700;26;85;-539;153000;331
2701;26;128;125477;129847;333
2702;26;128;-390;125700;333
2703;26;128;-388;154320;333
2704;26;27;31900;4000;352
2705;26;27;9500;50474;352
2706;26;307;-375;8340;294
2707;26;60;1300;161642;316
2708;26;9;89000;102260;0
2709;26;41;165700;117367;330
2710;26;403;-327;3341;0
2711;26;133;1000;96000;292
2712;26;133;18199;-163;292
2713;26;27;2100;50474;0
2714;26;306;102073;38000;362
2715;26;35;12650;34808;342
2716;26;34;-424;39500;313
2717;26;34;19000;2500;313
2718;26;171;27000;37000;279
2719;26;171;11000;27300;279
